temp,heart_rate,sd_hz,batch,population,size,snail_id,confidence
20,59.15852104,0.343300659,1,SU,5.5,1_A_SU,Discard
22.3,79.93254637,0.38392625,1,SU,5.5,1_A_SU,Discard
24,58.0398812,0.366459534,1,SU,5.5,1_A_SU,Discard
26.4,91.49560117,0.398574416,1,SU,5.5,1_A_SU,Discard
28.3,124.556962,0.384751195,1,SU,5.5,1_A_SU,Discard
30.2,55.07862303,0.391791375,1,SU,5.5,1_A_SU,Discard
32.3,67.98283262,0.435746201,1,SU,5.5,1_A_SU,Discard
34.3,54.96974935,0.402892011,1,SU,5.5,1_A_SU,Discard
36.3,131.6031812,0.312993547,1,SU,5.5,1_A_SU,Discard
38.3,53.87547649,0.376663662,1,SU,5.5,1_A_SU,Discard
40,48.28767123,0.364277375,1,SU,5.5,1_A_SU,Discard
20,90.3935675,0.303898465,1,SU,4.8,1_B_SU,Good
22.3,109.1368421,0.044648789,1,SU,4.8,1_B_SU,Good
24,121.4165261,0.057618679,1,SU,4.8,1_B_SU,Good
26.4,134.1740227,0.071905941,1,SU,4.8,1_B_SU,Good
28.3,145.149097,0.075320666,1,SU,4.8,1_B_SU,Good
30.2,142.5442291,0.065784801,1,SU,4.8,1_B_SU,Good
32.3,140.7624633,0.121570665,1,SU,4.8,1_B_SU,Good
34.3,85.38754765,0.254888111,1,SU,4.8,1_B_SU,Good
36.3,54.93853328,0.360048613,1,SU,4.8,1_B_SU,Good
38.3,48.81355932,0.27663668,1,SU,4.8,1_B_SU,Good
40,25.37444934,0.329221825,1,SU,4.8,1_B_SU,Good
20,34.56162643,0.084833833,1,mRB,6.1,1_C_mRB,Good
22.3,41.87234043,0.290251049,1,mRB,6.1,1_C_mRB,Good
24,42.5974026,0.025683959,1,mRB,6.1,1_C_mRB,Good
26.4,47.77152748,0.027574908,1,mRB,6.1,1_C_mRB,Good
28.3,54.49871465,0.03844718,1,mRB,6.1,1_C_mRB,Good
30.2,62.43070362,0.03896711,1,mRB,6.1,1_C_mRB,Good
32.3,72.29529062,0.030704187,1,mRB,6.1,1_C_mRB,Good
34.3,75.47169811,0.04727785,1,mRB,6.1,1_C_mRB,Good
36.3,101.295445,0.040338788,1,mRB,6.1,1_C_mRB,Good
38.3,93.28263625,0.065840562,1,mRB,6.1,1_C_mRB,Good
40,100.3378378,0.079479339,1,mRB,6.1,1_C_mRB,Good
20,63.98645789,0.044804844,1,mRB,5.8,1_D_mRB,Good
22.3,61.61616162,0.031496189,1,mRB,5.8,1_D_mRB,Good
24,66.32653061,0.036014284,1,mRB,5.8,1_D_mRB,Good
26.4,73.40696686,0.041653235,1,mRB,5.8,1_D_mRB,Good
28.3,82.55033557,0.043944305,1,mRB,5.8,1_D_mRB,Good
30.2,91.64191769,0.045494744,1,mRB,5.8,1_D_mRB,Good
32.3,95.43147208,0.129250601,1,mRB,5.8,1_D_mRB,Good
34.3,105.7490558,0.136770237,1,mRB,5.8,1_D_mRB,Good
36.3,125.9974801,0.084830187,1,mRB,5.8,1_D_mRB,Good
38.3,110.8777824,0.057868586,1,mRB,5.8,1_D_mRB,Good
40,118.7421384,0.09316881,1,mRB,5.8,1_D_mRB,Good
20,26.32733655,0.021501317,1,uRB,6.1,1_E_uRB,Good
22.3,26.84563758,0.014447378,1,uRB,6.1,1_E_uRB,Good
24,27.89450156,0.013484727,1,uRB,6.1,1_E_uRB,Good
26.4,25.74877068,0.045224101,1,uRB,6.1,1_E_uRB,Good
28.3,28.64721485,0.04984247,1,uRB,6.1,1_E_uRB,Good
30.2,29.94836489,0.024919176,1,uRB,6.1,1_E_uRB,Good
32.3,35.8056266,0.019193238,1,uRB,6.1,1_E_uRB,Good
34.3,35.0816853,0.0492267,1,uRB,6.1,1_E_uRB,Good
36.3,60.10362694,0.029762242,1,uRB,6.1,1_E_uRB,Good
38.3,47.93747286,0.079403613,1,uRB,6.1,1_E_uRB,Good
40,53.79310345,0.127306395,1,uRB,6.1,1_E_uRB,Good
20,61.64562473,0.025621854,1,uRB,6,1_F_uRB,Good
22.3,56.87203791,0.140725906,1,uRB,6,1_F_uRB,Good
24,59.66566652,0.027810442,1,uRB,6,1_F_uRB,Good
26.4,65.96858639,0.12228178,1,uRB,6,1_F_uRB,Good
28.3,80.51612903,0.184319275,1,uRB,6,1_F_uRB,Good
30.2,89.08070781,0.045796102,1,uRB,6,1_F_uRB,Good
32.3,96.49272883,0.153976215,1,uRB,6,1_F_uRB,Good
34.3,100.4269855,0.207007731,1,uRB,6,1_F_uRB,Good
36.3,104.302926,0.127191521,1,uRB,6,1_F_uRB,Good
38.3,89.10529519,0.126736678,1,uRB,6,1_F_uRB,Good
40,95.47123623,0.292338647,1,uRB,6,1_F_uRB,Good
20,79.38931298,0.054261953,1,SU,5,1_G_SU,Good
22.3,79.5242141,0.067876673,1,SU,5,1_G_SU,Good
24,79.65957447,0.101684028,1,SU,5,1_G_SU,Good
26.4,89.63491397,0.205198009,1,SU,5,1_G_SU,Good
28.3,94.01853412,0.168699881,1,SU,5,1_G_SU,Good
30.2,101.8059639,0.218059763,1,SU,5,1_G_SU,Good
32.3,109.1372716,0.255348626,1,SU,5,1_G_SU,Good
34.3,114.093395,0.240910408,1,SU,5,1_G_SU,Good
36.3,103.9529016,0.387821142,1,SU,5,1_G_SU,Good
38.3,121.4007782,0.441668682,1,SU,5,1_G_SU,Good
40,33.74520665,0.187741306,1,SU,5,1_G_SU,Good
20,64.28571429,0.039004763,1,SU,4.7,1_H_SU,Good
22.3,82.47772592,0.030543638,1,SU,4.7,1_H_SU,Good
24,89.0763391,0.045435229,1,SU,4.7,1_H_SU,Good
26.4,94.05815424,0.156635318,1,SU,4.7,1_H_SU,Good
28.3,103.2367973,0.084815891,1,SU,4.7,1_H_SU,Good
30.2,107.6597545,0.077142361,1,SU,4.7,1_H_SU,Good
32.3,96.04086845,0.07535525,1,SU,4.7,1_H_SU,Good
34.3,82.2622108,0.140769851,1,SU,4.7,1_H_SU,Good
36.3,74.3545611,0.17986762,1,SU,4.7,1_H_SU,Good
38.3,66.69561442,0.307075104,1,SU,4.7,1_H_SU,Good
40,41.55844156,0.25405571,1,SU,4.7,1_H_SU,Good
20,48.4744306,0.01392114,1,mRB,6.6,1_I_mRB,Good
22.3,51.72413793,0.025072648,1,mRB,6.6,1_I_mRB,Good
24,57.21583653,0.168534756,1,mRB,6.6,1_I_mRB,Good
26.4,62.69807281,0.059312001,1,mRB,6.6,1_I_mRB,Good
28.3,69.65428937,0.051475699,1,mRB,6.6,1_I_mRB,Good
30.2,81.23393316,0.043107798,1,mRB,6.6,1_I_mRB,Good
32.3,82.5096691,0.059931846,1,mRB,6.6,1_I_mRB,Good
34.3,86.37532134,0.18630637,1,mRB,6.6,1_I_mRB,Good
36.3,86.51399491,0.057409857,1,mRB,6.6,1_I_mRB,Good
38.3,87.32876712,0.171068184,1,mRB,6.6,1_I_mRB,Good
40,106.9155706,0.340849239,1,mRB,6.6,1_I_mRB,Good
20,39.79057592,0.129133044,1,mRB,5.8,1_J_mRB,Discard
22.3,57.74588434,0.407785069,1,mRB,5.8,1_J_mRB,Discard
24,50.79913607,0.387472443,1,mRB,5.8,1_J_mRB,Discard
26.4,53.31055105,0.433085229,1,mRB,5.8,1_J_mRB,Discard
28.3,55.5984556,0.348506213,1,mRB,5.8,1_J_mRB,Discard
30.2,49.8094028,0.251580196,1,mRB,5.8,1_J_mRB,Discard
32.3,54.89857574,0.317978104,1,mRB,5.8,1_J_mRB,Discard
34.3,48.91719745,0.37067592,1,mRB,5.8,1_J_mRB,Discard
36.3,56.77419355,0.357477836,1,mRB,5.8,1_J_mRB,Discard
38.3,53.8071066,0.400710743,1,mRB,5.8,1_J_mRB,Discard
40,55.52160629,0.350510452,1,mRB,5.8,1_J_mRB,Discard
20,55.78947368,0.373019269,1,uRB,6.5,1_K_uRB,Discard
22.3,64.7260274,0.49511982,1,uRB,6.5,1_K_uRB,Discard
24,45.03198294,0.121182688,1,uRB,6.5,1_K_uRB,Good
26.4,47.14098647,0.144056185,1,uRB,6.5,1_K_uRB,Good
28.3,53.65434222,0.279703003,1,uRB,6.5,1_K_uRB,Discard
30.2,69.25064599,0.035649426,1,uRB,6.5,1_K_uRB,Good
32.3,71.30730051,0.031812927,1,uRB,6.5,1_K_uRB,Good
34.3,70.25880356,0.085861092,1,uRB,6.5,1_K_uRB,Good
36.3,63.48122867,0.050644128,1,uRB,6.5,1_K_uRB,Good
38.3,73.95525538,0.133948639,1,uRB,6.5,1_K_uRB,Good
40,88.05460751,0.126482312,1,uRB,6.5,1_K_uRB,Good
20,33.69899079,0.033451709,1,uRB,5.7,1_L_uRB,Good
22.3,31.31796433,0.039902834,1,uRB,5.7,1_L_uRB,Good
24,35.27885863,0.034000929,1,uRB,5.7,1_L_uRB,Good
26.4,36.00514359,0.034631418,1,uRB,5.7,1_L_uRB,Good
28.3,37.81181619,0.041629456,1,uRB,5.7,1_L_uRB,Good
30.2,37.53169907,0.045358189,1,uRB,5.7,1_L_uRB,Good
32.3,36.45833333,0.1174001,1,uRB,5.7,1_L_uRB,Good
34.3,32.86264442,0.10700155,1,uRB,5.7,1_L_uRB,Good
36.3,46.0554371,0.202595036,1,uRB,5.7,1_L_uRB,Good
38.3,56.50684932,0.157216282,1,uRB,5.7,1_L_uRB,Good
40,73.89418907,0.105217378,1,uRB,5.7,1_L_uRB,Good
20,87.56894357,0.049589761,1,SU,5.2,1_M_SU,Good
22.3,96.41025641,0.086388276,1,SU,5.2,1_M_SU,Good
24,100.3802281,0.115461959,1,SU,5.2,1_M_SU,Good
26.4,106.1946903,0.115037448,1,SU,5.2,1_M_SU,Good
28.3,123.1671554,0.426298387,1,SU,5.2,1_M_SU,Good
30.2,123.7735849,0.057730295,1,SU,5.2,1_M_SU,Good
32.3,123.4401349,0.060088117,1,SU,5.2,1_M_SU,Good
34.3,146.0344104,0.123078937,1,SU,5.2,1_M_SU,Good
36.1,136.5690377,0.109321177,1,SU,5.2,1_M_SU,Good
38.3,107.3870832,0.084977659,1,SU,5.2,1_M_SU,Good
40,61.45966709,0.31685429,1,SU,5.2,1_M_SU,Good
20,80.33898305,0.386161196,1,SU,5.6,1_N_SU,Discard
22.3,96.04086845,0.236286742,1,SU,5.6,1_N_SU,Discard
24,98.6163522,0.120416212,1,SU,5.6,1_N_SU,Discard
26.4,109.1828138,0.099891448,1,SU,5.6,1_N_SU,Discard
28.3,52.48713551,0.322640456,1,SU,5.6,1_N_SU,Discard
30.2,106.1946903,0.217184389,1,SU,5.6,1_N_SU,Discard
32.3,46.57179819,0.308199524,1,SU,5.6,1_N_SU,Discard
34.3,87.58389262,0.407380284,1,SU,5.6,1_N_SU,Discard
36.1,49.08393694,0.274331748,1,SU,5.6,1_N_SU,Discard
38.3,52.33005558,0.404887126,1,SU,5.6,1_N_SU,Discard
40,53.10638298,0.357133065,1,SU,5.6,1_N_SU,Discard
20,51.70185265,0.022385559,1,mRB,5.9,1_O_mRB,Good
22.3,52.06295194,0.253687943,1,mRB,5.9,1_O_mRB,Good
24,49.74093264,0.29790033,1,mRB,5.9,1_O_mRB,Good
26.4,50.99872503,0.059774045,1,mRB,5.9,1_O_mRB,Good
28.3,58.11384877,0.246130521,1,mRB,5.9,1_O_mRB,Good
30.2,63.78054008,0.066320363,1,mRB,5.9,1_O_mRB,Good
32.3,76.53061224,0.078567925,1,mRB,5.9,1_O_mRB,Good
34.3,77.30600293,0.240575342,1,mRB,5.9,1_O_mRB,Good
36.1,97.50317393,0.155123755,1,mRB,5.9,1_O_mRB,Good
38.3,113.4655973,0.311812506,1,mRB,5.9,1_O_mRB,Good
40,91.80327869,0.567294245,1,mRB,5.9,1_O_mRB,Good
20,40.15444015,0.027661143,1,mRB,6.1,1_P_mRB,Good
22.3,43.16916488,0.029478493,1,mRB,6.1,1_P_mRB,Good
24,40.6779661,0.027877633,1,mRB,6.1,1_P_mRB,Good
26.4,47.32104586,0.044396589,1,mRB,6.1,1_P_mRB,Good
28.3,61.93548387,0.043347617,1,mRB,6.1,1_P_mRB,Good
30.2,69.16076845,0.069650589,1,mRB,6.1,1_P_mRB,Good
32.3,68.38709677,0.116874614,1,mRB,6.1,1_P_mRB,Good
34.3,73.32242226,0.141910911,1,mRB,6.1,1_P_mRB,Good
36.1,73.87687188,0.370007274,1,mRB,6.1,1_P_mRB,Good
38.3,95.58441558,0.556060139,1,mRB,6.1,1_P_mRB,Discard
40,116.3636364,0.064195922,1,mRB,6.1,1_P_mRB,Good
20,36.44484145,0.154438421,1,uRB,6.3,1_Q_uRB,Good
22.3,34.6911958,0.01921463,1,uRB,6.3,1_Q_uRB,Good
24,36.71328671,0.017217904,1,uRB,6.3,1_Q_uRB,Good
26.4,34.61538462,0.026714837,1,uRB,6.3,1_Q_uRB,Good
28.3,39.0596745,0.25963905,1,uRB,6.3,1_Q_uRB,Good
30.2,70.94594595,0.252672195,1,uRB,6.3,1_Q_uRB,Good
32.3,69.3757855,0.315269665,1,uRB,6.3,1_Q_uRB,Good
34.3,84.06663819,0.141370685,1,uRB,6.3,1_Q_uRB,Good
36.1,78.68852459,0.082469102,1,uRB,6.3,1_Q_uRB,Good
38.3,88.47926267,0.06358612,1,uRB,6.3,1_Q_uRB,Good
40,76.85738685,0.119845086,1,uRB,6.3,1_Q_uRB,Good
20,34.34518647,0.026294659,1,uRB,6.7,1_R_uRB,Good
22.3,33.92226148,0.01657604,1,uRB,6.7,1_R_uRB,Good
24,31.91489362,0.158115692,1,uRB,6.7,1_R_uRB,Good
26.4,31.52364273,0.019030124,1,uRB,6.7,1_R_uRB,Good
28.3,34.31635389,0.039046864,1,uRB,6.7,1_R_uRB,Good
30.2,38.37510804,0.054710039,1,uRB,6.7,1_R_uRB,Good
32.3,48.41201717,0.033807013,1,uRB,6.7,1_R_uRB,Good
34.3,54.0397351,0.045900448,1,uRB,6.7,1_R_uRB,Good
36.1,61.10623354,0.185655733,1,uRB,6.7,1_R_uRB,Good
38.3,64.33203632,0.090364925,1,uRB,6.7,1_R_uRB,Good
40,87.74193548,0.076488246,1,uRB,6.7,1_R_uRB,Good
20,85.60509554,0.046335318,1,SU,4.7,1_S_SU,Good
24.3,100.9345794,0.055727304,1,SU,4.7,1_S_SU,Good
26.4,110.2866779,0.067305002,1,SU,4.7,1_S_SU,Good
28.3,118.1320993,0.064184747,1,SU,4.7,1_S_SU,Good
30.2,122.5617413,0.066513667,1,SU,4.7,1_S_SU,Good
32.3,127.7987421,0.071257076,1,SU,4.7,1_S_SU,Good
34.3,121.9305673,0.067069477,1,SU,4.7,1_S_SU,Good
36.1,133.8926174,0.096246406,1,SU,4.7,1_S_SU,Good
38.3,96.92890198,0.274158282,1,SU,4.7,1_S_SU,Good
40,54.78489903,0.203193462,1,SU,4.7,1_S_SU,Good
20,82.02531646,0.359707121,1,SU,5,1_T_SU,Good
24,81.06028217,0.046805733,1,SU,5,1_T_SU,Good
26.4,85.93350384,0.086890766,1,SU,5,1_T_SU,Good
28.3,101.3941698,0.063715167,1,SU,5,1_T_SU,Good
30.2,99.1904559,0.101769948,1,SU,5,1_T_SU,Good
32.3,98.97959184,0.299683417,1,SU,5,1_T_SU,Good
34.3,105.6731583,0.216275419,1,SU,5,1_T_SU,Good
36.1,51.99660153,0.345525043,1,SU,5,1_T_SU,Discard
38.3,59.69645868,0.621338996,1,SU,5,1_T_SU,Good
40,23.51893096,0.287881209,1,SU,5,1_T_SU,Good
20,42.14223003,0.025255148,1,mRB,6,1_U_mRB,Good
24.3,42.94844482,0.030114152,1,mRB,6,1_U_mRB,Good
26.4,45.28301887,0.407100173,1,mRB,6,1_U_mRB,Good
28.3,41.99743918,0.270936344,1,mRB,6,1_U_mRB,Good
30.2,56.41952984,0.399526954,1,mRB,6,1_U_mRB,Good
32.3,56.02716469,0.360101111,1,mRB,6,1_U_mRB,Good
34.3,59.36034115,0.173368164,1,mRB,6,1_U_mRB,Good
36.1,91.52542373,0.200372378,1,mRB,6,1_U_mRB,Good
38.3,75.70332481,0.1155903,1,mRB,6,1_U_mRB,Good
40,101.5228426,0.12517854,1,mRB,6,1_U_mRB,Good
20,39.42931258,0.078367435,1,mRB,5.5,1_V_mRB,Good
24,40.69565217,0.020696415,1,mRB,5.5,1_V_mRB,Good
26.4,41.18404118,0.032954459,1,mRB,5.5,1_V_mRB,Good
28.3,45.16411379,0.020864624,1,mRB,5.5,1_V_mRB,Good
30.2,49.63377854,0.028824589,1,mRB,5.5,1_V_mRB,Good
32.3,53.65434222,0.037682177,1,mRB,5.5,1_V_mRB,Good
34.3,50.68965517,0.051931157,1,mRB,5.5,1_V_mRB,Good
36.1,54.94600432,0.332912007,1,mRB,5.5,1_V_mRB,Good
38.3,61.4334471,0.085306269,1,mRB,5.5,1_V_mRB,Good
40,90.4109589,0.061347176,1,mRB,5.5,1_V_mRB,Good
20,106.8907563,0.055743144,1,uRB,6.5,1_W_uRB,Discard
24,51.39186296,0.291561872,1,uRB,6.5,1_W_uRB,Discard
26.4,60.64239829,0.348426955,1,uRB,6.5,1_W_uRB,Discard
28.3,55.61871447,0.340733201,1,uRB,6.5,1_W_uRB,Discard
30.2,59.61456103,0.443229556,1,uRB,6.5,1_W_uRB,Discard
32.3,54.26086957,0.337203889,1,uRB,6.5,1_W_uRB,Discard
34.3,60.87704213,0.300052325,1,uRB,6.5,1_W_uRB,Discard
36.1,89.11392405,0.177460819,1,uRB,6.5,1_W_uRB,Discard
38.3,97.46192893,0.046142649,1,uRB,6.5,1_W_uRB,Discard
40,50.38560411,0.304589741,1,uRB,6.5,1_W_uRB,Discard
20,50.49377415,0.292269843,1,uRB,5.6,1_X_uRB,Good
24,49.97830803,0.341613375,1,uRB,5.6,1_X_uRB,Good
26.4,50.34246575,0.303644892,1,uRB,5.6,1_X_uRB,Good
28.3,53.00996102,0.383871284,1,uRB,5.6,1_X_uRB,Good
30.2,64.92056677,0.038363123,1,uRB,5.6,1_X_uRB,Good
32.3,61.32879046,0.103411822,1,uRB,5.6,1_X_uRB,Good
36.1,67.40425532,0.233840833,1,uRB,5.6,1_X_uRB,Good
38.3,80.37784457,0.095747228,1,uRB,5.6,1_X_uRB,Good
40,100.6779661,0.057581787,1,uRB,5.6,1_X_uRB,Good
34.3,97.70992366,0.053338927,1,uRB,5.6,1_X_uRB,Good
19.9,59.5890411,0.026969169,2,mRB,6.1,2_1_mRB,Good
22.5,62.08651399,0.026344703,2,mRB,6.1,2_1_mRB,Good
24.1,62.13921902,0.03335605,2,mRB,6.1,2_1_mRB,Good
26.4,66.69516888,0.029136193,2,mRB,6.1,2_1_mRB,Good
28.5,65.96194503,0.032136821,2,mRB,6.1,2_1_mRB,Good
30.3,63.29221608,0.061229223,2,mRB,6.1,2_1_mRB,Good
32.3,66.15776081,0.224896097,2,mRB,6.1,2_1_mRB,Good
34.7,72.44897959,0.216190359,2,mRB,6.1,2_1_mRB,Good
36.3,103.2150313,0.436893428,2,mRB,6.1,2_1_mRB,Good
38,95.75808484,0.489412783,2,mRB,6.1,2_1_mRB,Good
40.4,101.7054264,0.378210673,2,mRB,6.1,2_1_mRB,Good
19.9,50.31446541,0.01964699,2,uRB,6.6,2_2_uRB,Good
22.5,56.67668527,0.027186612,2,uRB,6.6,2_2_uRB,Good
24.1,55.8611934,0.026102657,2,uRB,6.6,2_2_uRB,Good
26.4,59.08319185,0.030053217,2,uRB,6.6,2_2_uRB,Good
28.5,66.12139475,0.024143961,2,uRB,6.6,2_2_uRB,Good
30.3,67.79089376,0.045546474,2,uRB,6.6,2_2_uRB,Good
32.3,64.56020495,0.031240539,2,uRB,6.6,2_2_uRB,Good
34.7,75.76791809,0.031281286,2,uRB,6.6,2_2_uRB,Good
36.3,86.72268908,0.046252658,2,uRB,6.6,2_2_uRB,Good
38,67.23259762,0.096470222,2,uRB,6.6,2_2_uRB,Good
40.4,90.47120419,0.099645005,2,uRB,6.6,2_2_uRB,Good
19.9,64.2209754,0.044234841,2,SU,5,2_3_SU,Good
22.5,66.2139219,0.052208345,2,SU,5,2_3_SU,Good
24.1,62.75832982,0.054146835,2,SU,5,2_3_SU,Good
26.4,67.37558486,0.100295766,2,SU,5,2_3_SU,Good
28.5,75.82139848,0.047376755,2,SU,5,2_3_SU,Good
30.3,82.02531646,0.044350973,2,SU,5,2_3_SU,Good
32.3,93.63867684,0.046804182,2,SU,5,2_3_SU,Good
34.7,114.620863,0.077194313,2,SU,5,2_3_SU,Good
36.3,140.4631579,0.19928511,2,SU,5,2_3_SU,Good
38,136.3636364,0.302544605,2,SU,5,2_3_SU,Good
40.4,136.5344468,0.25916049,2,SU,5,2_3_SU,Good
19.9,59.46176848,0.027827496,2,mRB,6.6,2_4_mRB,Good
22.5,67.03910615,0.029397147,2,mRB,6.6,2_4_mRB,Good
24.1,64.14934238,0.025823937,2,mRB,6.6,2_4_mRB,Good
26.4,69.18185672,0.027077473,2,mRB,6.6,2_4_mRB,Good
28.5,70.95115681,0.031205236,2,mRB,6.6,2_4_mRB,Good
30.3,72.26463104,0.034495201,2,mRB,6.6,2_4_mRB,Good
32.3,73.18932656,0.038740533,2,mRB,6.6,2_4_mRB,Good
34.7,91.13924051,0.058969275,2,mRB,6.6,2_4_mRB,Good
36.3,88.21292776,0.078076164,2,mRB,6.6,2_4_mRB,Good
38,84.56375839,0.102686057,2,mRB,6.6,2_4_mRB,Good
40.4,86.07594937,0.195422156,2,mRB,6.6,2_4_mRB,Good
19.9,99.40828402,0.044954209,2,uRB,6.7,2_5_uRB,Good
22.5,75.94936709,0.039301098,2,uRB,6.7,2_5_uRB,Good
24.1,86.44067797,0.133528223,2,uRB,6.7,2_5_uRB,Good
26.4,81.68067227,0.096358159,2,uRB,6.7,2_5_uRB,Good
28.5,81.04685521,0.113054043,2,uRB,6.7,2_5_uRB,Good
30.3,85.17110266,0.11224446,2,uRB,6.7,2_5_uRB,Good
32.3,74.76635514,0.080141023,2,uRB,6.7,2_5_uRB,Good
34.7,81.20770432,0.058793615,2,uRB,6.7,2_5_uRB,Good
36.3,48.05057956,0.272414727,2,uRB,6.7,2_5_uRB,Discard
38,54.04825737,0.283909203,2,uRB,6.7,2_5_uRB,Discard
40.4,67.13286713,0.407550675,2,uRB,6.7,2_5_uRB,Discard
19.9,57.02163768,0.313084134,2,SU,5.4,2_6_SU,Discard
22.5,77.41935484,0.089341251,2,SU,5.4,2_6_SU,Discard
24.1,55.20833333,0.356353797,2,SU,5.4,2_6_SU,Discard
26.4,73.40696686,0.08174816,2,SU,5.4,2_6_SU,Discard
28.5,78.17258883,0.091737814,2,SU,5.4,2_6_SU,Discard
30.3,45.14749893,0.242917515,2,SU,5.4,2_6_SU,Discard
32.3,91.37055838,0.211062231,2,SU,5.4,2_6_SU,Discard
34.7,54.70967742,0.352419803,2,SU,5.4,2_6_SU,Discard
36.3,54.56842105,0.334711962,2,SU,5.4,2_6_SU,Discard
38,135.8490566,0.143232302,2,SU,5.4,2_6_SU,Discard
40.4,146.1738678,0.1740307,2,SU,5.4,2_6_SU,Discard
19.9,66.06451613,0.404405785,2,SU,5.2,2_7_SU,Good
22.5,42.44210526,0.265150969,2,SU,5.2,2_7_SU,Good
24.1,48.95833333,0.3498587,2,SU,5.2,2_7_SU,Good
26.4,57.01943844,0.329116958,2,SU,5.2,2_7_SU,Good
28.5,74.77894737,0.250244566,2,SU,5.2,2_7_SU,Good
30.3,64.89226869,0.307729671,2,SU,5.2,2_7_SU,Good
32.3,61.32879046,0.443259324,2,SU,5.2,2_7_SU,Good
34.7,61.67023555,0.29228762,2,SU,5.2,2_7_SU,Good
36.3,56.54185949,0.350664714,2,SU,5.2,2_7_SU,Good
38,57.19148936,0.417270811,2,SU,5.2,2_7_SU,Good
40.4,48.59568909,0.303807037,2,SU,5.2,2_7_SU,Good
19.9,33.68779243,0.118242807,2,uRB,6.1,2_8_uRB,Good
22.5,37.90012804,0.022195982,2,uRB,6.1,2_8_uRB,Good
24.1,33.21428571,0.159500289,2,uRB,6.1,2_8_uRB,Good
26.4,36.15418697,0.045513453,2,uRB,6.1,2_8_uRB,Good
28.5,34.68950749,0.056292489,2,uRB,6.1,2_8_uRB,Good
30.3,35.94009983,0.324408556,2,uRB,6.1,2_8_uRB,Good
32.3,53.27413984,0.306309237,2,uRB,6.1,2_8_uRB,Discard
34.7,54.15070243,0.321048164,2,uRB,6.1,2_8_uRB,Discard
36.3,52.22327342,0.156150013,2,uRB,6.1,2_8_uRB,Good
38,49.71751412,0.202180709,2,uRB,6.1,2_8_uRB,Good
40.4,65.54621849,0.18224981,2,uRB,6.1,2_8_uRB,Good
19.9,62.1656051,0.369360083,2,mRB,5.9,2_9_mRB,Good
22.5,45.85323491,0.088305474,2,mRB,5.9,2_9_mRB,Good
24.1,40.24075666,0.018863583,2,mRB,5.9,2_9_mRB,Good
26.4,38.92445583,0.036191208,2,mRB,5.9,2_9_mRB,Good
28.5,39.62743438,0.054433107,2,mRB,5.9,2_9_mRB,Good
30.3,43.72881356,0.124418775,2,mRB,5.9,2_9_mRB,Good
32.3,50.61155631,0.130927239,2,mRB,5.9,2_9_mRB,Good
34.7,58.53658537,0.164471841,2,mRB,5.9,2_9_mRB,Good
36.3,70.38789026,0.275240435,2,mRB,5.9,2_9_mRB,Good
38,61.94274988,0.297470516,2,mRB,5.9,2_9_mRB,Good
40.4,83.1758034,0.399219065,2,mRB,5.9,2_9_mRB,Good
19.9,61.8968386,0.029407066,2,SU,5.2,2_10_SU,Discard
22.5,68.91891892,0.033111494,2,SU,5.2,2_10_SU,Discard
24.1,72.20338983,0.039823224,2,SU,5.2,2_10_SU,Discard
26.4,55.4248366,0.454340613,2,SU,5.2,2_10_SU,Discard
28.5,51.04166667,0.241418759,2,SU,5.2,2_10_SU,Discard
30.3,59.30975714,0.349464619,2,SU,5.2,2_10_SU,Discard
32.3,47.01873935,0.24980243,2,SU,5.2,2_10_SU,Discard
34.7,53.24232082,0.329894147,2,SU,5.2,2_10_SU,Discard
36.3,51.94805195,0.32027826,2,SU,5.2,2_10_SU,Discard
38,55.57461407,0.417351448,2,SU,5.2,2_10_SU,Discard
40.4,47.84565916,0.377240872,2,SU,5.2,2_10_SU,Discard
19.9,75.72815534,0.393310825,2,uRB,6.6,2_11_uRB,Discard
22.5,59.20303605,0.316726097,2,uRB,6.6,2_11_uRB,Discard
24.1,65.08824796,0.330640466,2,uRB,6.6,2_11_uRB,Discard
26.4,58.11384877,0.277619649,2,uRB,6.6,2_11_uRB,Discard
28.5,60.12958963,0.337575503,2,uRB,6.6,2_11_uRB,Discard
30.3,58.38668374,0.261455163,2,uRB,6.6,2_11_uRB,Discard
32.3,50.23494233,0.239615773,2,uRB,6.6,2_11_uRB,Discard
34.7,70.08040626,0.146803119,2,uRB,6.6,2_11_uRB,Discard
36.3,59.8225602,0.342257586,2,uRB,6.6,2_11_uRB,Discard
38,81.64636707,0.139206219,2,uRB,6.6,2_11_uRB,Discard
40.4,91.4004914,0.182721913,2,uRB,6.6,2_11_uRB,Discard
19.9,69.74900925,0.260035946,2,SU,6.3,2_12_SU,Good
22.5,57.8680203,0.222897344,2,SU,6.3,2_12_SU,Good
24.1,62.08651399,0.035925323,2,SU,6.3,2_12_SU,Good
26.4,63.71681416,0.037084426,2,SU,6.3,2_12_SU,Good
28.5,61.53846154,0.060316508,2,SU,6.3,2_12_SU,Good
30.3,60.77253219,0.184124459,2,SU,6.3,2_12_SU,Good
32.3,59.84784446,0.275224475,2,SU,6.3,2_12_SU,Good
34.7,70.76923077,0.196620519,2,SU,6.3,2_12_SU,Good
36.3,70.46808511,0.237338556,2,SU,6.3,2_12_SU,Good
38,76.02739726,0.226947286,2,SU,6.3,2_12_SU,Good
40.4,121.1076923,0.18535064,2,SU,6.3,2_12_SU,Good
19.9,50.04255319,0.059983442,2,uRB,6.5,2_13_uRB,Good
22.5,42.46870954,0.042992217,2,uRB,6.5,2_13_uRB,Good
24.1,36.17571059,0.031505219,2,uRB,6.5,2_13_uRB,Good
26.4,34.43478261,0.025924215,2,uRB,6.5,2_13_uRB,Good
28.5,34.81228669,0.024509019,2,uRB,6.5,2_13_uRB,Good
30.3,28.91566265,0.026301696,2,uRB,6.5,2_13_uRB,Good
32.3,29.73088424,0.043250632,2,uRB,6.5,2_13_uRB,Good
34.7,33.30529857,0.090328761,2,uRB,6.5,2_13_uRB,Good
36.3,42.70833333,0.122214591,2,uRB,6.5,2_13_uRB,Good
38,60.4534005,0.181695779,2,uRB,6.5,2_13_uRB,Good
40.4,34.50754853,0.136611637,2,uRB,6.5,2_13_uRB,Good
19.9,54.32756325,0.244551543,2,SU,5.4,2_14_SU,Good
22.5,62.48399488,0.12342702,2,SU,5.4,2_14_SU,Good
24.1,57.11857204,0.087624819,2,SU,5.4,2_14_SU,Good
26.4,60.20408163,0.059698341,2,SU,5.4,2_14_SU,Good
28.5,65.80976864,0.057689663,2,SU,5.4,2_14_SU,Good
30.3,66.94843618,0.086578455,2,SU,5.4,2_14_SU,Good
32.3,71.51979566,0.152582826,2,SU,5.4,2_14_SU,Good
34.7,78.85010267,0.254425292,2,SU,5.4,2_14_SU,Good
36.3,84.26527958,0.295572657,2,SU,5.4,2_14_SU,Good
38,106.2937063,0.515983482,2,SU,5.4,2_14_SU,Good
40.4,52.17391304,0.501247536,2,SU,5.4,2_14_SU,Good
19.9,39.89501312,0.203438884,2,mRB,6.2,2_15_mRB,Good
22.5,48.4744306,0.062709198,2,mRB,6.2,2_15_mRB,Good
24.1,48.9578714,0.196101624,2,mRB,6.2,2_15_mRB,Good
26.4,57.4912892,0.153941022,2,mRB,6.2,2_15_mRB,Good
28.5,61.7531618,0.096171203,2,mRB,6.2,2_15_mRB,Good
30.3,57.67690254,0.348034948,2,mRB,6.2,2_15_mRB,Good
32.3,49.797023,0.238398781,2,mRB,6.2,2_15_mRB,Good
34.7,62.68260292,0.285820309,2,mRB,6.2,2_15_mRB,Good
36.3,58.20701602,0.348575519,2,mRB,6.2,2_15_mRB,Good
38,73.6196319,0.074806639,2,mRB,6.2,2_15_mRB,Good
40.4,85.71428571,0.161591325,2,mRB,6.2,2_15_mRB,Good
19.9,44.02730375,0.2155332,2,uRB,6.8,2_16_uRB,Good
22.5,42.34404537,0.171657173,2,uRB,6.8,2_16_uRB,Good
24.1,43.35483871,0.076148166,2,uRB,6.8,2_16_uRB,Good
26.4,44.36801376,0.026476425,2,uRB,6.8,2_16_uRB,Good
28.5,47.52475248,0.176111185,2,uRB,6.8,2_16_uRB,Good
30.3,40.302267,0.03639206,2,uRB,6.8,2_16_uRB,Good
32.3,38.95401262,0.228052241,2,uRB,6.8,2_16_uRB,Good
34.7,51.02990033,0.079689082,2,uRB,6.8,2_16_uRB,Good
36.3,56.11222445,0.121866753,2,uRB,6.8,2_16_uRB,Good
38,76.52645862,0.080435714,2,uRB,6.8,2_16_uRB,Good
40.4,78.77461707,0.085660339,2,uRB,6.8,2_16_uRB,Good
19.9,61.66807077,0.054044696,2,SU,5.2,2_17_SU,Good
22.5,68.77673225,0.400993367,2,SU,5.2,2_17_SU,Good
24.1,66.78082192,0.282079316,2,SU,5.2,2_17_SU,Good
26.4,71.0359408,0.056150497,2,SU,5.2,2_17_SU,Good
28.5,77.51677852,0.071360553,2,SU,5.2,2_17_SU,Good
30.3,75.59848803,0.062762714,2,SU,5.2,2_17_SU,Good
32.3,79.76139753,0.053186973,2,SU,5.2,2_17_SU,Good
34.7,91.95789474,0.060457756,2,SU,5.2,2_17_SU,Good
36.3,100.6289308,0.151299316,2,SU,5.2,2_17_SU,Good
38,55.36095686,0.315070855,2,SU,5.2,2_17_SU,Discard
40.4,127.0386266,0.235644749,2,SU,5.2,2_17_SU,Good
19.9,53.70051635,0.050958604,2,mRB,6,2_18_mRB,Good
22.5,56.80473373,0.028149516,2,mRB,6,2_18_mRB,Good
24.1,59.03307888,0.036223012,2,mRB,6,2_18_mRB,Good
26.4,60.64239829,0.039566677,2,mRB,6,2_18_mRB,Good
28.5,62.83783784,0.029406994,2,mRB,6,2_18_mRB,Good
30.3,60.17849554,0.025049073,2,mRB,6,2_18_mRB,Good
32.3,57.69717419,0.06730906,2,mRB,6,2_18_mRB,Good
34.7,65.11233574,0.157348438,2,mRB,6,2_18_mRB,Good
36.3,68.91891892,0.173284676,2,mRB,6,2_18_mRB,Good
38,78.75473286,0.157271159,2,mRB,6,2_18_mRB,Good
40.4,71.30434783,0.116596499,2,mRB,6,2_18_mRB,Good
19.9,47.64782046,0.041549346,2,mRB,6.4,2_19_mRB,Good
22.5,46.35645303,0.030618037,2,mRB,6.4,2_19_mRB,Good
24.1,42.14132762,0.027798606,2,mRB,6.4,2_19_mRB,Good
26.4,41.64859002,0.016552929,2,mRB,6.4,2_19_mRB,Good
28.5,43.46701164,0.031461661,2,mRB,6.4,2_19_mRB,Good
30.3,43.52331606,0.025568244,2,mRB,6.4,2_19_mRB,Good
32.3,45.04583151,0.043671071,2,mRB,6.4,2_19_mRB,Good
34.7,56.1038961,0.084258004,2,mRB,6.4,2_19_mRB,Good
36,58.79470848,0.11493781,2,mRB,6.4,2_19_mRB,Good
38,85.24913666,0.132268192,2,mRB,6.4,2_19_mRB,Good
40.4,100.2320186,0.122262325,2,mRB,6.4,2_19_mRB,Good
19.9,41.91176471,0.18104959,2,SU,5.5,2_20_SU,Discard
22.5,73.73737374,0.530538583,2,SU,5.5,2_20_SU,Discard
24.1,45.02617801,0.235584685,2,SU,5.5,2_20_SU,Discard
26.4,61.48590948,0.47657928,2,SU,5.5,2_20_SU,Discard
28.5,49.89172802,0.388260958,2,SU,5.5,2_20_SU,Discard
30.3,75.44006706,0.181759069,2,SU,5.5,2_20_SU,Discard
32.3,70.13977128,0.280121667,2,SU,5.5,2_20_SU,Discard
34.7,78.75473286,0.31597504,2,SU,5.5,2_20_SU,Discard
36,122.6869455,0.083379207,2,SU,5.5,2_20_SU,Discard
38,72.27101631,0.276432472,2,SU,5.5,2_20_SU,Discard
40.4,53.62095532,0.302629348,2,SU,5.5,2_20_SU,Discard
19.9,59.00805426,0.081637397,2,uRB,6.7,2_21_uRB,Good
22.5,53.51629503,0.030067976,2,uRB,6.7,2_21_uRB,Good
24.1,49.6124031,0.083383841,2,uRB,6.7,2_21_uRB,Good
26.4,51.70185265,0.036640722,2,uRB,6.7,2_21_uRB,Good
28.5,59.87315011,0.066120932,2,uRB,6.7,2_21_uRB,Good
30.3,62.21844454,0.095451365,2,uRB,6.7,2_21_uRB,Good
32.3,54.96183206,0.029965021,2,uRB,6.7,2_21_uRB,Good
34.7,60.5296343,0.060139939,2,uRB,6.7,2_21_uRB,Good
36,67.35112936,0.159482001,2,uRB,6.7,2_21_uRB,Good
38,61.53846154,0.058944365,2,uRB,6.7,2_21_uRB,Good
40.4,73.6196319,0.08103572,2,uRB,6.7,2_21_uRB,Good
19.9,56.49432535,0.288113522,2,mRB,6.3,2_22_mRB,Good
22.5,64.58333333,0.146918004,2,mRB,6.3,2_22_mRB,Good
24.1,90.1793339,0.072871509,2,mRB,6.3,2_22_mRB,Good
26.4,48.14653293,0.025436408,2,mRB,6.3,2_22_mRB,Good
28.5,46.89535389,0.032832312,2,mRB,6.3,2_22_mRB,Good
30.3,43.48576359,0.065675826,2,mRB,6.3,2_22_mRB,Good
32.3,49.0212766,0.090888966,2,mRB,6.3,2_22_mRB,Good
34.7,66.93782684,0.590213326,2,mRB,6.3,2_22_mRB,Good
36,59.96513655,0.122468838,2,mRB,6.3,2_22_mRB,Good
38,85.96187175,0.089837923,2,mRB,6.3,2_22_mRB,Good
40.4,87.30650155,0.102593504,2,mRB,6.3,2_22_mRB,Good
19.9,76.02739726,0.096289735,2,SU,5.1,2_23_SU,Good
22.5,87.79242875,0.06710179,2,SU,5.1,2_23_SU,Good
24.1,50.62419285,0.023039563,2,SU,5.1,2_23_SU,Discard
26.4,100.635324,0.072402899,2,SU,5.1,2_23_SU,Good
28.5,109.9236641,0.065328194,2,SU,5.1,2_23_SU,Good
30.3,116.1127472,0.071401704,2,SU,5.1,2_23_SU,Good
32.3,120.1514514,0.06854202,2,SU,5.1,2_23_SU,Good
34.7,125.0945776,0.060677083,2,SU,5.1,2_23_SU,Good
36,83.42518016,0.416499203,2,SU,5.1,2_23_SU,Good
38,105.1833123,0.138266215,2,SU,5.1,2_23_SU,Good
40.4,87.03703704,0.365617189,2,SU,5.1,2_23_SU,Good
19.9,38.48101266,0.027536919,2,uRB,6.8,2_24_uRB,Good
22.5,38.59191656,0.029625287,2,uRB,6.8,2_24_uRB,Good
24.1,39.59390863,0.172861748,2,uRB,6.8,2_24_uRB,Good
26.4,35.85147247,0.029890719,2,uRB,6.8,2_24_uRB,Good
28.5,36.59466328,0.045272218,2,uRB,6.8,2_24_uRB,Good
30.3,34.06451613,0.038728742,2,uRB,6.8,2_24_uRB,Good
32.3,36.79727428,0.080084464,2,uRB,6.8,2_24_uRB,Good
34.7,40.54054054,0.07505275,2,uRB,6.8,2_24_uRB,Good
36,54.54545455,0.254095821,2,uRB,6.8,2_24_uRB,Good
38,70.52810903,0.115574947,2,uRB,6.8,2_24_uRB,Good
40.4,78.65853659,0.089829783,2,uRB,6.8,2_24_uRB,Good
19.9,56.43437366,0.037761093,2,SU,5.5,2_25_SU,Good
22.5,57.91701948,0.055505619,2,SU,5.5,2_25_SU,Good
24.1,62.40409207,0.06750832,2,SU,5.5,2_25_SU,Good
26.4,62.97079983,0.034200774,2,SU,5.5,2_25_SU,Good
28.5,70.22900763,0.032977836,2,SU,5.5,2_25_SU,Good
30.3,72.69667648,0.041064688,2,SU,5.5,2_25_SU,Good
32.3,81.59796005,0.043726555,2,SU,5.5,2_25_SU,Good
34.7,97.85624212,0.055098328,2,SU,5.5,2_25_SU,Good
36,103.1605563,0.095569308,2,SU,5.5,2_25_SU,Good
38,112.2807018,0.224687155,2,SU,5.5,2_25_SU,Good
40.4,107.6923077,0.318988617,2,SU,5.5,2_25_SU,Good
19.9,50.99872503,0.189307008,2,mRB,5.3,2_26_mRB,Good
22.5,52.30769231,0.165356733,2,mRB,5.3,2_26_mRB,Good
24.1,46.9787234,0.146661908,2,mRB,5.3,2_26_mRB,Good
26.4,44.38709677,0.029138929,2,mRB,5.3,2_26_mRB,Good
28.5,44.27284427,0.039271302,2,mRB,5.3,2_26_mRB,Good
30.3,44.70787468,0.046425267,2,mRB,5.3,2_26_mRB,Good
32.3,52.151683,0.061066565,2,mRB,5.3,2_26_mRB,Good
34.7,52.28534814,0.272773154,2,mRB,5.3,2_26_mRB,Good
36,53.03867403,0.094381779,2,mRB,5.3,2_26_mRB,Good
38,86.51399491,0.125074234,2,mRB,5.3,2_26_mRB,Good
40.4,89.20353982,0.123999392,2,mRB,5.3,2_26_mRB,Good
19.9,28.51081884,0.324563163,2,uRB,6.2,2_27_uRB,Discard
22.5,59.87315011,0.244434365,2,uRB,6.2,2_27_uRB,Good
24.1,53.60824742,0.025871154,2,uRB,6.2,2_27_uRB,Good
26.4,51.28205128,0.028192112,2,uRB,6.2,2_27_uRB,Good
28.5,51.93042003,0.042286425,2,uRB,6.2,2_27_uRB,Good
30.3,49.50580146,0.04837897,2,uRB,6.2,2_27_uRB,Good
32.3,46.09475032,0.055006266,2,uRB,6.2,2_27_uRB,Good
34.7,52.62252794,0.121171235,2,uRB,6.2,2_27_uRB,Good
36,56.00339415,0.267997869,2,uRB,6.2,2_27_uRB,Good
38,58.31587767,0.174899194,2,uRB,6.2,2_27_uRB,Good
40.4,73.45497351,0.087486857,2,uRB,6.2,2_27_uRB,Good
19.9,72.08121827,0.045791653,2,SU,5.4,2_28_SU,Good
22.5,66.1498708,0.066173123,2,SU,5.4,2_28_SU,Good
24.1,62.00762389,0.055984401,2,SU,5.4,2_28_SU,Good
26.4,65.72528883,0.059777374,2,SU,5.4,2_28_SU,Good
28.5,73.50063803,0.066688993,2,SU,5.4,2_28_SU,Good
30.3,84.9466951,0.062418939,2,SU,5.4,2_28_SU,Good
32.3,89.7102058,0.05457117,2,SU,5.4,2_28_SU,Good
34.7,144.0201427,0.090833928,2,SU,5.4,2_28_SU,Good
36,148.8060327,0.075056056,2,SU,5.4,2_28_SU,Good
38,163.6820084,0.096388888,2,SU,5.4,2_28_SU,Good
40.4,171.5273775,0.085160191,2,SU,5.4,2_28_SU,Good
19.9,44.54035391,0.180666211,2,mRB,5.4,2_29_mRB,Good
22.5,45.39982803,0.619366717,2,mRB,5.4,2_29_mRB,Good
24.1,39.1584371,0.10853945,2,mRB,5.4,2_29_mRB,Good
26.4,39.72835314,0.097764781,2,mRB,5.4,2_29_mRB,Good
28.5,39.8128456,0.049309506,2,mRB,5.4,2_29_mRB,Good
30.3,45.05119454,0.050487899,2,mRB,5.4,2_29_mRB,Good
32.3,52.85895807,0.071009875,2,mRB,5.4,2_29_mRB,Good
34.7,53.82987727,0.088890749,2,mRB,5.4,2_29_mRB,Good
36,51.65733965,0.103048565,2,mRB,5.4,2_29_mRB,Good
38,63.37308348,0.139498118,2,mRB,5.4,2_29_mRB,Good
40.4,78.55055523,0.239844939,2,mRB,5.4,2_29_mRB,Good
19.9,40.6779661,0.55352287,2,uRB,5.5,2_30_uRB,Good
22.5,37.38641281,0.14916177,2,uRB,5.5,2_30_uRB,Good
24.1,33.52247927,0.022476709,2,uRB,5.5,2_30_uRB,Good
26.4,32.84768212,0.03886074,2,uRB,5.5,2_30_uRB,Good
28.5,31.35888502,0.032703109,2,uRB,5.5,2_30_uRB,Good
30.3,33.174946,0.155084653,2,uRB,5.5,2_30_uRB,Good
32.3,30.90128755,0.0428527,2,uRB,5.5,2_30_uRB,Good
34.7,44.87887803,0.090905918,2,uRB,5.5,2_30_uRB,Good
36,48.36692147,0.133677728,2,uRB,5.5,2_30_uRB,Good
38,63.1043257,0.3307667,2,uRB,5.5,2_30_uRB,Good
40.4,77.11781889,0.263226375,2,uRB,5.5,2_30_uRB,Good
19.9,40.85106383,0.144725808,2,uRB,5.7,2_31_uRB,Good
22.5,36.14457831,0.181682706,2,uRB,5.7,2_31_uRB,Good
24.1,31.80212014,0.013111442,2,uRB,5.7,2_31_uRB,Good
26.4,26.86968204,0.013135394,2,uRB,5.7,2_31_uRB,Good
28.5,27.26081258,0.046979865,2,uRB,5.7,2_31_uRB,Good
30.3,25.91792657,0.044557013,2,uRB,5.7,2_31_uRB,Good
32.3,26.37362637,0.046769985,2,uRB,5.7,2_31_uRB,Good
34.7,31.28734383,0.041491789,2,uRB,5.7,2_31_uRB,Good
36,46.65226782,0.060553365,2,uRB,5.7,2_31_uRB,Good
38,61.15444618,0.057150694,2,uRB,5.7,2_31_uRB,Good
40.4,59.54198473,0.116744832,2,uRB,5.7,2_31_uRB,Good
19.9,43.78801043,0.192313017,2,mRB,6.2,2_32_mRB,Good
22.5,45.68527919,0.052505044,2,mRB,6.2,2_32_mRB,Good
24.1,41.36148212,0.036944666,2,mRB,6.2,2_32_mRB,Good
26.4,40.71335363,0.101345279,2,mRB,6.2,2_32_mRB,Good
28.5,40.76433121,0.072482526,2,mRB,6.2,2_32_mRB,Good
30.3,49.5483871,0.047548859,2,mRB,6.2,2_32_mRB,Good
32.3,49.23076923,0.094277001,2,mRB,6.2,2_32_mRB,Good
34.7,56.50684932,0.069573524,2,mRB,6.2,2_32_mRB,Good
36,60.38379531,0.047923185,2,mRB,6.2,2_32_mRB,Good
38,86.88245315,0.180286053,2,mRB,6.2,2_32_mRB,Good
40.4,106.4773736,0.042530718,2,mRB,6.2,2_32_mRB,Good
19.9,55.47945205,0.120562709,2,SU,5.3,2_33_SU,Good
22.5,57.93103448,0.069011147,2,SU,5.3,2_33_SU,Good
24.1,62.3775032,0.063892888,2,SU,5.3,2_33_SU,Good
26.4,63.44943349,0.058777842,2,SU,5.3,2_33_SU,Good
28.5,69.77340744,0.147147593,2,SU,5.3,2_33_SU,Good
30.3,74.58492976,0.232753081,2,SU,5.3,2_33_SU,Good
32.3,77.1900127,0.189847378,2,SU,5.3,2_33_SU,Good
34.7,75.12864494,0.247961451,2,SU,5.3,2_33_SU,Good
36,83.0059778,0.221926263,2,SU,5.3,2_33_SU,Good
38,99.31740614,0.369360845,2,SU,5.3,2_33_SU,Good
40.4,115.2,0.420621948,2,SU,5.3,2_33_SU,Good
19.9,45.28301887,0.262019528,2,uRB,5.9,2_34_uRB,Good
22.5,44.84076433,0.17477101,2,uRB,5.9,2_34_uRB,Good
24.1,43.74735057,0.06354024,2,uRB,5.9,2_34_uRB,Good
26.4,41.01665206,0.071317307,2,uRB,5.9,2_34_uRB,Good
28.5,43.29896907,0.048726321,2,uRB,5.9,2_34_uRB,Good
30.3,43.31757628,0.041093157,2,uRB,5.9,2_34_uRB,Good
32.3,46.33204633,0.121135764,2,uRB,5.9,2_34_uRB,Good
34.7,55.50321199,0.044014448,2,uRB,5.9,2_34_uRB,Good
36,62.81131279,0.10395606,2,uRB,5.9,2_34_uRB,Good
38,84.26395939,0.11303443,2,uRB,5.9,2_34_uRB,Good
40.4,100.2785515,0.07776723,2,uRB,5.9,2_34_uRB,Good
19.9,43.69310793,0.036864365,2,mRB,5.7,2_35_mRB,Good
22.5,38.72611465,0.031209057,2,mRB,5.7,2_35_mRB,Good
24.1,35.47826087,0.017152235,2,mRB,5.7,2_35_mRB,Good
26.4,37.22533391,0.025398671,2,mRB,5.7,2_35_mRB,Good
28.5,39.10806175,0.025198641,2,mRB,5.7,2_35_mRB,Good
30.3,56.02716469,0.044169369,2,mRB,5.7,2_35_mRB,Good
32.3,55.43199316,0.037273925,2,mRB,5.7,2_35_mRB,Good
34.7,70.40816327,0.051190492,2,mRB,5.7,2_35_mRB,Good
36,69.81450253,0.046962276,2,mRB,5.7,2_35_mRB,Good
38,83.83838384,0.048416122,2,mRB,5.7,2_35_mRB,Good
40.4,92.97297297,0.065842539,2,mRB,5.7,2_35_mRB,Good
19.9,60.70826307,0.087054714,2,SU,5.5,2_36_SU,Good
22.5,61.38107417,0.046680021,2,SU,5.5,2_36_SU,Good
24.1,63.07757524,0.034798045,2,SU,5.5,2_36_SU,Good
26.4,60.12958963,0.0256565,2,SU,5.5,2_36_SU,Good
28.5,63.37308348,0.02579833,2,SU,5.5,2_36_SU,Good
30.3,90.70063694,0.044419989,2,SU,5.5,2_36_SU,Good
32.3,92.66016122,0.035655418,2,SU,5.5,2_36_SU,Good
34.7,107.2964994,0.051173991,2,SU,5.5,2_36_SU,Good
36,118.7919463,0.085804985,2,SU,5.5,2_36_SU,Good
38,125.1471825,0.218070267,2,SU,5.5,2_36_SU,Good
40.4,49.25373134,0.151739669,2,SU,5.5,2_36_SU,Good
